age,first_name,last_name,title,salary
35,Lionello,Dumberrill,VP Product Management,"€33927,88"
65,Pat,Peel,Dental Hygienist,"€29687,94"
57,Izabel,Rannigan,Paralegal,"€48516,67"
45,Eddy,Shipman,Biostatistician I,"€26091,60"
27,Janenna,Sambeck,Senior Developer,"€52502,67"
54,Olva,Domenichelli,Speech Pathologist,"€34524,06"
64,Faythe,Mattessen,Sales Associate,"€53834,73"
55,Hortensia,Isakovitch,Administrative Assistant IV,"€26815,01"
26,Sibylle,Liversedge,Tax Accountant,"€21646,29"
54,Oberon,Curd,Social Worker,"€41410,53"
44,Orel,D'Ambrogi,Research Assistant III,"€25071,96"
58,Torey,Torrance,Systems Administrator IV,"€29236,90"
31,Janetta,Prendeguest,Community Outreach Specialist,"€42427,87"
60,Florry,Goodridge,VP Sales,"€36297,02"
64,Zelma,Mansfield,Account Executive,"€27068,88"
34,Jacquenette,Storck,Account Representative I,"€10903,45"
50,Rubina,McPhee,Administrative Officer,"€51910,88"
31,Emmy,Klimecki,General Manager,"€39421,36"
50,Jennie,Strickett,Business Systems Development Analyst,"€46007,66"
44,Putnem,Doherty,Health Coach I,"€21739,62"
36,Zitella,How,Marketing Assistant,"€38209,87"
59,Leonidas,Tallent,Database Administrator I,"€34694,20"
37,Shawnee,Pallin,Internal Auditor,"€17308,08"
40,Renee,Littlefield,Recruiter,"€22878,13"
25,Merridie,Pourveer,Accountant IV,"€48215,42"
34,Stanwood,Castell,Graphic Designer,"€13873,12"
60,Zachariah,Quigley,Software Engineer I,"€53992,35"
26,Tamas,Dibble,Senior Developer,"€2477,71"
31,Zebadiah,Hitzschke,Teacher,"€25728,89"
38,Danni,Feldfisher,Analyst Programmer,"€2539,50"
57,Tobey,Chevers,Tax Accountant,"€30582,85"
35,Kaela,Tattershall,Civil Engineer,"€9800,72"
67,Cristy,Chestnut,Dental Hygienist,"€37202,76"
25,Demetria,Petrakov,General Manager,"€32942,80"
42,Lemuel,Metterick,Software Engineer IV,"€40717,07"
46,Vasily,Roll,Physical Therapy Assistant,"€6872,06"
23,Lorna,Wickersham,Engineer II,"€16959,54"
50,Edyth,Pulster,Statistician III,"€29070,26"
37,Dora,Boick,Operator,"€35094,79"
44,Harmon,Stovin,VP Accounting,"€14787,70"
57,Cissy,Corey,Electrical Engineer,"€6260,60"
56,Leonardo,Starbuck,Biostatistician III,"€16863,50"
63,Eirena,Tissell,Programmer I,"€45335,14"
58,Eve,Caldeiro,Legal Assistant,"€9460,87"
49,Korney,Bosomworth,Recruiting Manager,"€48764,36"
56,Jerald,Bragge,Data Coordiator,"€12945,42"
47,Jacquelynn,Canadine,Professor,"€32778,61"
65,Morgan,Trembey,Staff Scientist,"€16612,12"
33,Sissie,Ransfield,VP Accounting,"€22888,77"
42,Ansley,Spiers,Software Engineer I,"€10214,73"
64,Beltran,Dossett,Sales Associate,"€44047,48"
53,Matthiew,Kubatsch,Sales Representative,"€16926,29"
28,Nataniel,Shama,Operator,"€28135,89"
25,Bertie,Paroni,Nurse,"€23389,81"
43,Devina,Penman,Environmental Specialist,"€6615,45"
55,Dewain,Arstingall,Graphic Designer,"€20226,27"
45,Hyacinth,Awmack,Information Systems Manager,"€21712,47"
57,Tades,Pashby,Product Engineer,"€39627,30"
30,Bobbi,Blindermann,Director of Sales,"€43339,88"
33,Wolf,Sommers,Help Desk Operator,"€34664,90"
49,Alyson,Seabrooke,Geological Engineer,"€41886,16"
53,Heddie,Caldecutt,Junior Executive,"€19046,60"
61,Verge,Buterton,Legal Assistant,"€42991,81"
54,Orlan,Gleave,Structural Engineer,"€49012,58"
46,Mickie,Gaudon,Senior Financial Analyst,"€13025,83"
46,Denice,Upfold,Food Chemist,"€12296,97"
62,Darn,Grinsdale,Actuary,"€35531,64"
30,Delores,Venditti,Junior Executive,"€41134,77"
65,Elga,Monan,Research Assistant II,"€12551,86"
61,Gav,Strut,Account Representative IV,"€23520,07"
53,Dorella,Kilbee,Recruiter,"€22104,25"
36,Karlee,Illiston,Civil Engineer,"€2821,08"
49,Violante,Mico,Software Test Engineer II,"€5822,67"
64,Florencia,Coward,Accountant IV,"€10634,75"
41,Erminia,Huyche,Media Manager I,"€10481,68"
33,Alyosha,Maass,Nurse Practicioner,"€44945,49"
34,Donnell,Laborda,Legal Assistant,"€53433,59"
64,Juan,Wailes,Structural Analysis Engineer,"€14167,53"
48,Eward,South,Assistant Manager,"€24198,44"
22,Juliana,Slograve,Project Manager,"€47316,57"
26,Theodore,Lucken,Assistant Professor,"€6766,09"
55,Karolina,Mulcock,Senior Sales Associate,"€37725,29"
58,Helyn,Hawthorne,Health Coach II,"€7931,12"
58,Marilee,Alves,Payment Adjustment Coordinator,"€49106,39"
67,Frannie,Beckwith,Actuary,"€7921,41"
53,Arlyn,Garretts,Payment Adjustment Coordinator,"€33582,12"
40,Devina,Raitie,Chemical Engineer,"€29039,62"
56,Aluin,Geely,Clinical Specialist,"€21635,49"
61,Sheppard,Sorrel,Human Resources Assistant II,"€19900,33"
59,Hamish,Buncombe,Quality Control Specialist,"€9473,56"
64,Brendis,Lord,Director of Sales,"€28855,13"
44,Eula,Orwin,Senior Quality Engineer,"€30492,30"
31,Tabatha,Escot,Administrative Officer,"€20807,31"
36,Ivar,McCoid,Web Designer III,"€54764,55"
62,Batsheva,Dinzey,Structural Analysis Engineer,"€5021,46"
24,Filmer,Harflete,Accountant II,"€37795,87"
58,Hillyer,Cordon,Tax Accountant,"€3997,18"
25,Bessie,Groves,Internal Auditor,"€45947,06"
59,Marcela,Wrench,Mechanical Systems Engineer,"€50584,33"
57,Merola,Jelleman,Chemical Engineer,"€9062,20"
28,Maegan,Santoro,Staff Scientist,"€3635,68"
43,Shaw,Ethridge,Clinical Specialist,"€34404,89"
29,Elliott,Strowther,Web Developer II,"€9148,13"
63,Zedekiah,Ludman,Senior Editor,"€48782,10"
35,Amalie,Mack,Civil Engineer,"€35456,91"
42,Johnath,Greetland,Recruiter,"€13901,33"
28,Kellina,Bollard,Database Administrator II,"€3941,11"
35,Boigie,Lomond,Speech Pathologist,"€41614,55"
39,Trumaine,Harnwell,Desktop Support Technician,"€24707,53"
40,Corabella,Coultish,Developer IV,"€6103,90"
60,Ileana,Longhorne,Software Consultant,"€30314,06"
61,Valli,Dowbakin,Programmer Analyst II,"€29186,84"
52,Dale,Andrick,Analog Circuit Design manager,"€2657,10"
53,Melisande,Roach,Financial Analyst,"€34674,42"
64,Laney,Forsey,Speech Pathologist,"€44955,40"
45,Dunn,Gile,Assistant Media Planner,"€53004,21"
22,Nara,Trimby,Developer I,"€17687,88"
30,Cassy,Loney,Analyst Programmer,"€10562,23"
30,Bartholomeo,Scarsbrick,Electrical Engineer,"€27053,85"
31,Earlie,Aust,Paralegal,"€4125,20"
38,Joya,Stocks,GIS Technical Architect,"€14601,70"
53,Tallie,Wanstall,VP Quality Control,"€23389,47"
38,Lindie,Krishtopaittis,Assistant Professor,"€44820,41"
54,Elvira,Braunlein,Health Coach I,"€30969,27"
23,Cordelie,Baum,GIS Technical Architect,"€4539,22"
27,Culley,Parkeson,Human Resources Manager,"€13801,71"
39,Clarice,Giacomucci,Product Engineer,"€5831,62"
65,Rufus,Leetham,Research Assistant II,"€49313,13"
22,Irwinn,Gerok,Account Executive,"€12292,76"
42,Jania,Nannini,Product Engineer,"€51742,45"
32,Enriqueta,Pfeffle,Food Chemist,"€40589,94"
41,Maudie,Vagges,Data Coordiator,"€9023,08"
24,Shandy,Casine,Product Engineer,"€16320,28"
45,Vlad,Coggon,Senior Developer,"€17997,26"
58,Marvin,Waight,Computer Systems Analyst II,"€14717,84"
33,Anderson,Mapstone,Human Resources Manager,"€37984,38"
61,Darlleen,Stobbie,Design Engineer,"€2191,70"
24,Eve,Griffen,Internal Auditor,"€34743,03"
61,Opal,Brunetti,Systems Administrator III,"€31841,77"
48,Wang,Penritt,Clinical Specialist,"€4092,13"
30,Cathyleen,Leyborne,Account Coordinator,"€13010,90"
29,Martita,Gallafant,Assistant Manager,"€11107,07"
32,Issie,Steggles,Quality Control Specialist,"€14231,78"
33,Brook,Mahaddie,Media Manager IV,"€36892,74"
59,Gottfried,Follan,Web Developer III,"€52652,47"
60,Teador,Bartrum,Environmental Tech,"€26114,17"
66,Frederick,Bohling,Editor,"€29260,48"
50,Pate,Josephsen,Internal Auditor,"€5018,96"
38,Judye,Addeycott,Technical Writer,"€23357,48"
65,Bren,More,Chemical Engineer,"€26011,13"
51,Rodrigo,Scrimshire,Occupational Therapist,"€7733,24"
56,Meade,Ivery,Recruiter,"€28428,64"
26,Halie,Cabrales,Geologist IV,"€50018,87"
47,Doralynne,Merredy,Software Engineer III,"€36605,76"
24,Coreen,Shorie,Administrative Officer,"€47058,98"
36,Brigitte,Heister,Human Resources Manager,"€45273,46"
61,Melisa,Warsop,Programmer III,"€42733,88"
42,Jory,Curdell,Human Resources Assistant IV,"€54179,21"
31,Sheba,Yarnell,Systems Administrator IV,"€25299,23"
61,Minda,Dacey,Systems Administrator III,"€39291,50"
25,Karina,Wedgwood,Financial Advisor,"€24497,38"
44,Verne,Brobeck,Marketing Assistant,"€54145,95"
67,Florie,Godbolt,Associate Professor,"€8969,28"
38,Ced,Disbrey,Analog Circuit Design manager,"€15493,53"
33,Sibyl,Giacomello,Technical Writer,"€26259,03"
37,Meredeth,Leverett,Executive Secretary,"€10778,59"
57,Rona,Mertin,Assistant Professor,"€33568,94"
66,Ragnar,Moncreif,Web Developer I,"€26635,46"
30,Zebedee,Yegorev,Executive Secretary,"€14806,07"
41,Suellen,Wisedale,Administrative Officer,"€27877,87"
26,Ahmed,Hildred,Junior Executive,"€49240,21"
25,Raffarty,Vankeev,Analyst Programmer,"€49814,84"
42,Heall,McMickan,Clinical Specialist,"€17739,23"
33,Carlee,Duckerin,Compensation Analyst,"€38684,96"
51,Laural,Croot,Compensation Analyst,"€45391,63"
57,Iorgos,Rideout,Media Manager IV,"€19515,71"
22,Woodie,Mewitt,Social Worker,"€33878,93"
33,Britta,Dagleas,Accounting Assistant III,"€54313,90"
42,Parrnell,Church,Database Administrator II,"€25557,39"
37,Francklyn,Bertomieu,Nuclear Power Engineer,"€30561,45"
67,Brooke,Pollard,Account Coordinator,"€15784,15"
32,Babbie,Bowman,Media Manager I,"€28951,89"
46,Susy,Shimuk,Human Resources Manager,"€16298,30"
26,Leonardo,Crewther,Geological Engineer,"€51817,60"
53,Cherry,Arcase,Senior Financial Analyst,"€4276,12"
33,Laureen,MacLese,Help Desk Technician,"€41534,90"
54,Lottie,Roelvink,Research Assistant IV,"€25949,49"
52,Ogden,Jarry,Financial Analyst,"€19732,66"
37,Tabbie,Liff,Assistant Media Planner,"€18284,94"
46,Skelly,Fowle,Account Representative II,"€22437,23"
66,Nicolas,Lehenmann,Software Consultant,"€12456,05"
27,Tallie,Griffithe,VP Quality Control,"€47464,11"
54,Adler,Murrie,Senior Financial Analyst,"€16344,44"
53,Kate,Gaynesford,Electrical Engineer,"€28465,27"
60,Ruprecht,Teodorski,Mechanical Systems Engineer,"€16741,62"
53,Beatrisa,Balcers,VP Quality Control,"€12299,28"
53,Siffre,Cutress,Associate Professor,"€9070,02"
50,Ole,Crichley,Research Assistant I,"€39235,52"
23,Lauretta,Moggle,Clinical Specialist,"€35087,56"
29,Madelaine,Siggs,Computer Systems Analyst III,"€41942,44"
56,Tedi,Blasli,Civil Engineer,"€36955,99"
64,Filide,Scholcroft,Design Engineer,"€36536,01"
25,Domeniga,Labram,Biostatistician IV,"€7355,43"
57,Sharona,Dissman,Sales Associate,"€12500,90"
50,Shayla,Tottle,Community Outreach Specialist,"€42443,12"
65,Herbert,Gomby,Recruiter,"€37922,29"
52,Vale,Cattle,Help Desk Technician,"€38142,59"
43,Elga,Rosingdall,Software Consultant,"€52889,21"
33,Elsie,Bucham,Biostatistician III,"€30606,37"
51,Aaren,McClurg,Compensation Analyst,"€6571,56"
30,Babb,Broadstock,Senior Developer,"€45401,04"
36,Douglass,Sterman,Chief Design Engineer,"€22422,61"
66,Grenville,Eisikovitsh,Project Manager,"€16651,44"
23,Linnie,Olyunin,Electrical Engineer,"€16640,96"
27,Donall,Arkcoll,Staff Accountant III,"€33965,15"
44,Dorthy,Swepstone,Speech Pathologist,"€44884,60"
25,Arty,Gawthrop,Dental Hygienist,"€16818,81"
30,Lek,Forster,Database Administrator I,"€29309,53"
58,Adolphus,Postins,Nuclear Power Engineer,"€40946,76"
43,Isaak,Hyland,Budget/Accounting Analyst IV,"€30665,39"
63,Wenonah,Flaubert,Administrative Officer,"€33487,73"
27,Abagael,Tilbey,Clinical Specialist,"€14121,76"
27,Rowney,Bonnyson,Automation Specialist II,"€11125,31"
59,Deni,Paskerful,Human Resources Manager,"€36432,82"
47,Derby,Thorneley,Accountant I,"€8299,80"
46,Prisca,Floyd,VP Product Management,"€49829,50"
23,Maxine,Schreiner,Web Developer I,"€33220,04"
26,Deloria,Hinchcliffe,Staff Accountant III,"€14099,92"
38,Lina,Depper,Chief Design Engineer,"€18363,51"
36,Viola,Prine,Staff Accountant IV,"€25992,55"
47,Giulietta,Bendelow,Account Executive,"€49473,62"
27,Ursa,O'Donohue,Office Assistant I,"€4963,63"
35,Lauri,Gratten,Help Desk Technician,"€6552,60"
48,Joey,Ewenson,Financial Analyst,"€22329,53"
44,Georas,Streak,Research Assistant III,"€15117,85"
54,Bret,Lennarde,Tax Accountant,"€38182,50"
31,Gilligan,Bramstom,Payment Adjustment Coordinator,"€31962,65"
46,Veda,Constantinou,Associate Professor,"€35922,12"
27,Pavel,Burchell,Database Administrator I,"€41101,71"
53,Charil,Eliassen,Director of Sales,"€40400,59"
55,Bailie,Dunk,Paralegal,"€35981,44"
60,Cristi,Lintill,Human Resources Assistant I,"€17481,75"
63,Garnet,Hollingdale,Internal Auditor,"€22861,73"
54,Temp,Crollman,Environmental Specialist,"€15421,03"
38,Arabel,Alesbrook,Web Developer II,"€47339,42"
39,Rickert,Bestiman,Software Consultant,"€20160,59"
23,Tallulah,Auld,Community Outreach Specialist,"€4173,38"
57,Milissent,Price,Office Assistant IV,"€53379,45"
53,Tessie,Fesby,Senior Cost Accountant,"€51560,01"
29,Julia,Kidds,Geologist II,"€9652,98"
66,Flora,Kornacki,Electrical Engineer,"€16342,12"
64,Borden,Marusik,Senior Editor,"€46680,59"
37,Sabine,Gipps,Software Engineer IV,"€24265,97"
29,Allyson,Habercham,Financial Analyst,"€27302,45"
65,Cornelle,Abrahamovitz,Teacher,"€10141,07"
64,Breanne,Crowne,Nurse,"€14117,65"
49,Shina,Levi,Engineer II,"€44451,18"
63,Lind,MacKnocker,Automation Specialist III,"€54205,03"
66,Catlin,Victory,Research Assistant II,"€8297,30"
27,Pietrek,Midson,Technical Writer,"€43525,05"
67,Abbey,Hans,Marketing Manager,"€26337,01"
59,Maximo,Eyre,Associate Professor,"€27139,27"
48,Pru,Wrench,Registered Nurse,"€41756,29"
55,Pepita,Pratty,Project Manager,"€48192,49"
53,Eula,Romans,Director of Sales,"€42945,04"
61,Hendrika,Meron,Software Test Engineer IV,"€52150,10"
43,Giraldo,Chauvey,Sales Associate,"€28385,89"
30,Jordana,Cohr,Technical Writer,"€33439,06"
67,Abigael,Petrik,Senior Quality Engineer,"€54998,57"
31,Christina,Pitherick,Occupational Therapist,"€47901,44"
40,Maure,Meriot,Human Resources Assistant II,"€46435,52"
38,Toddy,Tremblet,Web Developer IV,"€28209,40"
57,Son,MacCaughen,Physical Therapy Assistant,"€45378,08"
64,Trude,Maberley,VP Sales,"€27635,98"
39,Blancha,Thurber,Web Designer I,"€23255,81"
61,Angie,Mathewes,Database Administrator I,"€50240,45"
25,Amy,Ferraron,Legal Assistant,"€40217,58"
48,Retha,McCullagh,Internal Auditor,"€28856,47"
52,Rod,Featherstone,Staff Scientist,"€43307,30"
55,Tabb,Songest,Project Manager,"€2052,74"
53,Mufinella,Mitchelhill,Chief Design Engineer,"€54604,27"
67,Frasier,Petrescu,Teacher,"€5950,26"
34,Anson,Parlot,Design Engineer,"€36384,47"
26,Amalee,Bartlomiejczyk,Project Manager,"€44629,50"
23,Yule,Cuttles,Operator,"€30084,05"
30,Chance,Rickman,GIS Technical Architect,"€45573,85"
38,Boniface,Nagle,Programmer Analyst III,"€27021,41"
25,Jecho,Jimmison,Accountant IV,"€10619,11"
45,Veronique,Leask,Assistant Professor,"€24793,32"
32,Dosi,Dollard,Help Desk Operator,"€50262,90"
64,Anny,Ivanin,Accounting Assistant I,"€53030,10"
53,Garrett,Stede,Help Desk Technician,"€28077,62"
48,Sybyl,Shakespeare,Chief Design Engineer,"€41870,80"
56,Harwell,Juara,VP Sales,"€41934,81"
56,Mina,Blogg,Clinical Specialist,"€28867,86"
49,Ingelbert,Mabbe,Human Resources Manager,"€49249,59"
22,Isaiah,Stansbury,Chief Design Engineer,"€3776,33"
24,Netti,Dackombe,Quality Control Specialist,"€32436,09"
56,Doreen,Garden,Health Coach IV,"€12564,78"
28,Blayne,Leirmonth,Administrative Officer,"€18795,33"
30,Tamiko,Jee,Research Assistant IV,"€19085,42"
24,Roobbie,Boom,Human Resources Assistant II,"€38364,16"
27,Glynda,Waterstone,Database Administrator III,"€34722,57"
51,Creighton,McLelland,Recruiter,"€48155,21"
62,Annabelle,Eayres,GIS Technical Architect,"€15910,28"
66,Husain,Mundee,Web Designer II,"€41144,02"
45,Cristiano,Arnolds,Compensation Analyst,"€2625,01"
59,Tammara,Roggero,Recruiter,"€35595,71"
42,Towney,Pierpoint,Payment Adjustment Coordinator,"€9540,82"
37,Roi,Rableau,Nurse Practicioner,"€30176,54"
23,Tucky,Rozea,Desktop Support Technician,"€27008,82"
53,Goraud,Ellin,Senior Financial Analyst,"€5967,13"
62,Erin,Stirrip,Human Resources Assistant IV,"€2507,44"
48,Layton,Perello,Human Resources Assistant II,"€17575,24"
30,Wylie,Billison,Staff Accountant II,"€23531,33"
51,Erin,Dallemore,Actuary,"€11095,67"
61,Rinaldo,Thandi,Account Executive,"€17023,33"
35,Armstrong,Bampkin,Quality Control Specialist,"€14290,23"
50,Faythe,Long,Geologist IV,"€15558,51"
43,Tine,Tonry,Accountant I,"€30161,30"
63,Nicko,Scott,Director of Sales,"€47225,43"
39,Bertine,Dyton,Statistician II,"€32338,81"
24,Demeter,Lamerton,Web Designer III,"€14864,35"
41,Querida,Wilkinson,Chief Design Engineer,"€26649,75"
48,Nora,Murrill,Sales Associate,"€48459,35"
64,Starlene,Bruhke,Media Manager IV,"€7314,79"
37,Phillipp,O'Cannon,Senior Cost Accountant,"€50879,70"
44,Liv,Bolduc,Design Engineer,"€24993,06"
33,Mimi,Cleaver,Office Assistant III,"€3347,01"
64,Meggi,Vennart,Programmer Analyst I,"€24116,26"
39,Daven,Upsale,Recruiting Manager,"€28357,82"
45,Evey,Pedracci,Nurse Practicioner,"€49588,53"
35,Ricky,Santo,Editor,"€9406,23"
61,Lonna,Portman,Senior Sales Associate,"€44493,16"
28,Tabbie,Goosey,Quality Engineer,"€53658,72"
25,Annamarie,Gorwood,Staff Accountant IV,"€40787,90"
34,Lissy,Worsnap,Health Coach II,"€9188,96"
31,Regan,Roderigo,Food Chemist,"€13281,74"
41,Jami,Brusby,Cost Accountant,"€14653,47"
42,Emlynn,O' Donohue,Administrative Assistant III,"€29957,39"
23,Clarissa,Alecock,Desktop Support Technician,"€2261,13"
48,Abie,Urvoy,Systems Administrator II,"€51149,09"
38,Papageno,Nitto,Systems Administrator II,"€35059,01"
54,Anne,Ledur,Biostatistician IV,"€39867,45"
66,Rosco,Barrowcliff,Accountant II,"€43289,13"
62,Grange,Claypole,Senior Developer,"€54646,38"
27,Nance,O'Sheerin,Nurse,"€18924,33"
51,Franzen,Elcoux,Director of Sales,"€36974,30"
42,Edithe,Oats,Software Test Engineer I,"€4211,83"
56,Bernard,McGeever,Senior Cost Accountant,"€54795,87"
53,Worthington,Henzer,Community Outreach Specialist,"€15418,20"
61,Berti,Treend,Paralegal,"€33681,52"
35,Kimmy,Carlsson,Director of Sales,"€3313,21"
61,Chrotoem,Matis,VP Accounting,"€29574,71"
59,Alvan,Ashdown,Senior Cost Accountant,"€49622,70"
24,Lavena,Sear,Human Resources Manager,"€53233,49"
23,Wylma,Tock,Design Engineer,"€31669,03"
28,Bondy,Moehler,GIS Technical Architect,"€37968,21"
59,Minor,Gregori,VP Accounting,"€46683,67"
45,Drud,Refford,Web Designer II,"€17903,30"
24,Valry,Fearnsides,Research Assistant III,"€26396,32"
24,Fiona,Pearcy,Web Developer III,"€23545,65"
62,Angus,Tate,Human Resources Manager,"€29468,06"
67,Kent,Dadley,Health Coach III,"€51408,36"
53,Geralda,Pierucci,Director of Sales,"€40968,58"
36,Osborn,Durie,Registered Nurse,"€37229,66"
39,Wolf,Casper,Assistant Professor,"€51905,17"
48,Darlleen,MacNelly,Associate Professor,"€31847,01"
55,Karla,Hunte,Data Coordiator,"€7347,70"
31,Karoline,Lafoy,Safety Technician IV,"€19937,16"
57,Hodge,Giff,Safety Technician III,"€30367,70"
31,Merridie,Dorian,Graphic Designer,"€14543,76"
60,Noreen,Lobb,Desktop Support Technician,"€12892,70"
37,Rozalin,Whittuck,Accountant I,"€8347,73"
60,Brandtr,Borlease,Human Resources Manager,"€50739,79"
54,Madelene,Parsonson,Associate Professor,"€54670,06"
60,Nolan,Havesides,Safety Technician III,"€44191,49"
66,Paloma,Rossbrooke,Research Assistant II,"€23353,80"
31,Allie,Dalgliesh,Media Manager III,"€38398,04"
49,Sisile,Sawforde,Quality Engineer,"€9098,67"
26,Samuel,Heynen,Director of Sales,"€44369,46"
53,Rand,Balcers,Health Coach III,"€18534,84"
43,Ruthe,Trim,Business Systems Development Analyst,"€54053,15"
64,Hurlee,Tredger,Media Manager I,"€53021,32"
47,Pauli,Troubridge,GIS Technical Architect,"€47289,49"
34,Sondra,Claybourne,Geologist II,"€45485,50"
30,Francklyn,Benjafield,Sales Representative,"€25746,21"
56,Eugenie,Crowdson,Programmer III,"€2195,65"
43,Benyamin,Nussey,Speech Pathologist,"€21204,92"
38,Penny,Blaver,Graphic Designer,"€43021,23"
61,Cosetta,Northen,Legal Assistant,"€31284,77"
44,Kaylil,Puve,Senior Financial Analyst,"€37048,09"
59,Odette,Schubbert,Senior Quality Engineer,"€17223,79"
53,Sibella,Tainton,Nuclear Power Engineer,"€23968,19"
56,Boonie,Oxtoby,Tax Accountant,"€50367,51"
59,Borg,Goodding,Assistant Professor,"€21565,14"
64,Pippo,Piet,Research Associate,"€26354,69"
51,Christoffer,Scriviner,Senior Cost Accountant,"€37597,09"
36,Dulsea,Scamwell,Junior Executive,"€45183,52"
48,Aleece,Eastby,Research Associate,"€50786,99"
55,Ivy,Lossman,Staff Scientist,"€19933,17"
40,Zaneta,Hoult,Structural Analysis Engineer,"€43535,76"
62,Curry,O'Shirine,Environmental Tech,"€7504,75"
39,Anastasia,Aikin,Compensation Analyst,"€50633,52"
34,Ronnica,Southwood,Desktop Support Technician,"€46557,34"
40,Domenico,Munby,Chief Design Engineer,"€12838,35"
43,Niko,Maseyk,Marketing Assistant,"€17868,96"
35,Ofilia,Insall,Business Systems Development Analyst,"€2855,55"
63,Aubrey,Kopelman,Account Coordinator,"€42067,31"
32,Gusty,Mumm,Director of Sales,"€36052,60"
25,Simonne,Wadham,Speech Pathologist,"€29905,48"
51,Vitia,Doberer,Social Worker,"€18390,05"
48,Hetty,McNevin,Tax Accountant,"€11915,70"
23,Melisent,Cristobal,Human Resources Manager,"€46663,31"
35,Pip,Wilcott,Quality Control Specialist,"€3277,64"
36,Torie,Cours,Human Resources Manager,"€37160,66"
60,Dreddy,Mallatratt,Data Coordiator,"€17791,98"
59,Preston,Dabbes,Analyst Programmer,"€46721,49"
24,Ethel,Slinger,Safety Technician II,"€17925,09"
30,Kassey,Bray,Recruiter,"€39044,16"
40,Cherlyn,Beadon,Operator,"€22277,85"
50,Jud,Kaesmans,Registered Nurse,"€35074,33"
50,Mamie,Lehrahan,Programmer Analyst I,"€38582,46"
44,Bobine,Daber,General Manager,"€22927,80"
25,Reinald,Snowding,Systems Administrator III,"€14146,65"
44,Koren,Tait,Recruiter,"€23071,89"
50,Chantal,Silley,Senior Financial Analyst,"€22096,59"
57,Harriott,Scola,Assistant Manager,"€40133,81"
50,Jessy,Mecco,Research Assistant IV,"€50102,09"
63,Vasily,Feares,Safety Technician I,"€24365,30"
44,Maryellen,Spraberry,Registered Nurse,"€17397,88"
24,Jillayne,Constantinou,Environmental Tech,"€17413,05"
55,Cristal,Eales,Director of Sales,"€5308,31"
43,Giffer,Jiles,Senior Cost Accountant,"€24553,13"
30,Leila,Lawlings,Help Desk Operator,"€47488,01"
62,Alfie,Butterfill,Account Executive,"€31297,76"
53,Daune,Claiton,Human Resources Manager,"€42960,59"
23,Emilia,Teesdale,Software Engineer IV,"€25229,09"
42,Griselda,Goricke,Business Systems Development Analyst,"€28697,76"
41,Margaret,Brunner,Nuclear Power Engineer,"€19143,35"
38,Thedrick,Drury,Senior Developer,"€34485,18"
65,Ashla,Grundon,Paralegal,"€29216,14"
44,Katherine,Eddisford,Food Chemist,"€17260,73"
46,Zuzana,Marmyon,VP Quality Control,"€38912,94"
23,Nettie,Lawfull,Assistant Professor,"€20904,04"
48,Bobby,Cromb,Chief Design Engineer,"€36157,47"
52,Willdon,Bransom,Help Desk Technician,"€51032,87"
40,Vaughan,Cookley,Help Desk Technician,"€36747,82"
43,Clemmie,Loomis,Environmental Specialist,"€10987,17"
33,Lil,Layzell,GIS Technical Architect,"€9142,83"
55,Karen,Skey,Sales Representative,"€6732,74"
45,Alexine,Mattiessen,Safety Technician II,"€39336,88"
57,Inessa,Booy,Assistant Professor,"€18764,91"
28,Charita,Kleinhandler,Clinical Specialist,"€13307,65"
61,Claudelle,Hymers,Staff Scientist,"€19290,67"
35,Kin,Tellett,Accountant III,"€19939,73"
50,Christel,Grzes,Chief Design Engineer,"€49857,81"
59,Charlton,Aubray,Research Associate,"€31552,98"
24,Eleanora,Phare,Payment Adjustment Coordinator,"€13957,40"
30,Ivette,Plenderleith,Social Worker,"€40325,72"
32,Wes,Demougeot,Electrical Engineer,"€54746,71"
22,Davey,Baumber,VP Marketing,"€48515,40"
32,Meggi,Hoofe,Nuclear Power Engineer,"€3567,98"
29,Gloria,Bezley,Automation Specialist II,"€23389,97"
37,Reggie,Focke,Mechanical Systems Engineer,"€36725,51"
54,Sarita,Gritton,General Manager,"€7859,69"
53,Marianna,Belliss,VP Quality Control,"€52003,87"
43,Lyda,Guerriero,Analog Circuit Design manager,"€32336,41"
22,Sophey,Pomfrey,Recruiting Manager,"€47526,46"
62,Harman,Eschelle,Staff Accountant II,"€37656,96"
67,Evy,Rougier,Assistant Professor,"€41567,09"
55,Miguelita,Chimenti,Tax Accountant,"€6481,65"
29,Pearla,Piser,Payment Adjustment Coordinator,"€50840,29"
59,Etan,McFayden,Computer Systems Analyst IV,"€33095,77"
26,Ruby,Langelay,Food Chemist,"€44232,51"
59,Charin,Fellowes,Accountant II,"€17378,96"
63,Willabella,Pilmoor,Tax Accountant,"€6134,69"
38,Kristo,Patrono,Statistician IV,"€6011,68"
37,Morry,Scott,Information Systems Manager,"€4033,11"
32,Teri,Vanyutin,Dental Hygienist,"€6629,27"
34,Aurilia,Doudney,Administrative Officer,"€44244,52"
33,Justinn,Wycliff,Geologist II,"€35853,11"
30,Abie,Paolo,Research Nurse,"€54703,87"
49,Roddy,Horry,Chemical Engineer,"€26859,50"
38,Lucie,Bernardoni,Assistant Professor,"€15411,72"
41,Sallee,Sowood,Programmer Analyst II,"€21904,62"
43,Phil,Bleas,Environmental Specialist,"€21259,86"
53,Aurilia,Laurenty,Software Consultant,"€14124,54"
60,Walther,Breydin,Assistant Manager,"€44259,31"
38,Marylinda,Dargavel,Social Worker,"€47676,39"
43,Rey,Birdwhistell,Actuary,"€3738,78"
36,Reina,Colthard,Budget/Accounting Analyst II,"€34842,91"
60,Daniel,Crimpe,Senior Editor,"€7043,15"
51,Hakeem,Merrison,Senior Quality Engineer,"€35200,73"
64,Klarrisa,Ainscow,Payment Adjustment Coordinator,"€32626,73"
50,Bjorn,Smee,VP Product Management,"€26852,17"
66,Karoly,Jeste,Clinical Specialist,"€12605,95"
58,Taddeusz,Sawell,GIS Technical Architect,"€25455,47"
29,Arther,De L'Isle,Media Manager I,"€34775,20"
47,Tiffi,Rubinowicz,Structural Engineer,"€34011,51"
35,Laraine,McKennan,Web Developer IV,"€32244,08"
27,Rozina,Ludy,GIS Technical Architect,"€35351,11"
65,Myrlene,Pyne,Chemical Engineer,"€21119,94"
46,Elena,Heaven,Senior Sales Associate,"€13629,54"
50,Dunc,Graser,Financial Analyst,"€47050,31"
30,Peter,Ferraraccio,Information Systems Manager,"€51585,04"
28,Brett,McReedy,Software Engineer II,"€14384,86"
44,Katrina,O' Liddy,Account Coordinator,"€48142,12"
27,Bendix,Hobble,Software Engineer III,"€52598,65"
35,Marjy,Huggin,Developer IV,"€23663,86"
58,Pincas,Varney,Product Engineer,"€14425,23"
67,Tonya,Heberden,Mechanical Systems Engineer,"€21279,21"
30,Glori,Pollicote,Clinical Specialist,"€38818,59"
58,Sansone,De Pero,Compensation Analyst,"€53054,86"
32,Arnaldo,Gartshore,Business Systems Development Analyst,"€40735,64"
48,Sasha,Fost,Accounting Assistant II,"€39280,33"
53,Jarrod,Drinkall,Senior Quality Engineer,"€14904,89"
24,Bendicty,Hazeldene,Teacher,"€27197,82"
63,Rowe,Spinozzi,Editor,"€52301,32"
42,Denys,Beevor,Information Systems Manager,"€30032,36"
52,Reinwald,Adrien,Pharmacist,"€14166,58"
27,Tammy,Heineke,Senior Cost Accountant,"€9987,89"
27,Prince,Henken,Social Worker,"€49096,26"
44,Noella,Paiton,Dental Hygienist,"€2786,38"
66,Broddie,Doulden,Clinical Specialist,"€46808,25"
35,Andre,MacKeeg,General Manager,"€19020,05"
66,Corry,Ruggen,Engineer II,"€47895,38"
59,Rolland,Duggan,Recruiting Manager,"€3887,45"
54,Doroteya,Heymes,Mechanical Systems Engineer,"€38783,96"
26,Idelle,Sindall,Health Coach III,"€30807,01"
54,Titus,Karadzas,Registered Nurse,"€16940,00"
48,Ephrem,Mohun,Marketing Manager,"€8788,34"
62,Mathias,Case,Human Resources Manager,"€29357,89"
25,Saw,De Ath,Quality Engineer,"€44117,02"
41,Brandyn,Brok,Budget/Accounting Analyst IV,"€14436,18"
46,Mady,Salters,Administrative Assistant I,"€27297,61"
59,Daphna,Baynard,Product Engineer,"€35040,61"
24,Kerk,Ovendale,Tax Accountant,"€46252,13"
45,Charlton,Rait,Associate Professor,"€43734,21"
60,Annetta,Guerola,Information Systems Manager,"€13760,85"
34,Ronalda,Emanuelli,Human Resources Manager,"€12616,33"
57,Annis,Robke,Nurse,"€33299,80"
38,Thaddeus,Ormiston,Nuclear Power Engineer,"€52617,99"
48,Rollin,Phippin,Sales Representative,"€2236,24"
34,Tye,Spaunton,Project Manager,"€37285,30"
34,Maia,Beevor,Senior Financial Analyst,"€9763,45"
34,Ruy,Gillmor,Accountant II,"€29616,09"
24,Tomaso,Asher,Staff Accountant I,"€52249,66"
55,Melisa,Lingwood,Librarian,"€28506,16"
44,Brady,Pitfield,Chemical Engineer,"€11901,52"
60,Gaby,Nockles,Human Resources Manager,"€28404,17"
38,Warren,Beamand,Professor,"€50851,61"
50,Gayler,Curd,Systems Administrator III,"€40815,50"
25,Kinnie,Sly,Computer Systems Analyst II,"€49397,13"
64,Riva,Catcherside,VP Quality Control,"€13678,12"
54,Illa,Wyld,Librarian,"€49372,10"
53,Winona,Fould,Librarian,"€35624,44"
63,Merrile,Le Sieur,Senior Sales Associate,"€32080,05"
60,Brandea,Mullord,Chief Design Engineer,"€20111,77"
28,Jenifer,Hacksby,Account Executive,"€43157,96"
58,Marys,Cready,Biostatistician III,"€53187,91"
36,Myrtice,Duncklee,Accounting Assistant I,"€26812,25"
32,Rosemary,Batchelder,Help Desk Technician,"€36507,53"
62,Nanette,Persse,Administrative Officer,"€11994,87"
23,Miriam,Havvock,Senior Editor,"€11262,03"
33,Happy,Murford,Engineer I,"€48034,72"
67,Gabie,Gooly,Information Systems Manager,"€48687,88"
60,Jojo,Tither,Librarian,"€54645,52"
62,Bonnee,Tunnicliffe,General Manager,"€21683,50"
58,Christiane,Rockcliffe,Computer Systems Analyst I,"€52302,35"
55,Vaughan,Taggerty,Statistician IV,"€8184,32"
50,Nickie,Roden,GIS Technical Architect,"€38273,59"
40,Riley,Greenless,Senior Financial Analyst,"€4380,16"
51,Opal,Halms,Geologist III,"€38813,01"
48,Libbie,Hagergham,Project Manager,"€19133,94"
63,Maryjo,Kerner,Database Administrator I,"€48662,94"
41,Malva,Rainbird,Geologist II,"€45874,55"
29,Floyd,Cansfield,Speech Pathologist,"€51344,55"
61,Orelie,Goseling,Speech Pathologist,"€4433,78"
29,Liv,Stollmeier,Graphic Designer,"€44046,72"
36,Benni,Fish,Teacher,"€29580,18"
27,Nikolaos,Edland,GIS Technical Architect,"€4621,62"
30,Bari,Towson,Operator,"€27688,91"
59,Garreth,Rosenstein,Budget/Accounting Analyst II,"€15916,04"
23,Egan,Banbrick,Senior Quality Engineer,"€27862,17"
32,Catie,Trelevan,Staff Scientist,"€51906,55"
53,Rowney,Burdon,Registered Nurse,"€41432,91"
47,Zelda,Hallifax,Software Test Engineer III,"€53658,63"
23,Georgiana,Sandon,Assistant Professor,"€7083,48"
22,Dian,Gourlay,Compensation Analyst,"€33799,19"
58,Howie,Pleace,Cost Accountant,"€40919,65"
64,Fawn,Meynell,Operator,"€46936,51"
35,Iggy,Novotna,Programmer Analyst II,"€26807,19"
47,Ailee,Cubley,Marketing Assistant,"€25075,83"
38,Port,Lightbourne,Research Associate,"€7783,85"
30,Val,Imason,Financial Advisor,"€28756,38"
34,Delia,Jendrassik,Administrative Assistant I,"€7466,93"
62,Sharla,Chalke,Junior Executive,"€25945,24"
57,Evangeline,Piatti,Analyst Programmer,"€36250,05"
56,Mikol,Lomasny,Quality Control Specialist,"€54344,25"
51,Etta,Shann,Software Consultant,"€52702,83"
47,Dan,Laible,Environmental Tech,"€5321,27"
41,Carlin,Vezey,Analog Circuit Design manager,"€30276,14"
36,Milicent,Godbold,Registered Nurse,"€42999,44"
46,Dalton,Gallant,Mechanical Systems Engineer,"€28468,55"
31,Ferd,Byles,Cost Accountant,"€11386,03"
27,Odele,Renon,Nuclear Power Engineer,"€46932,93"
25,Dorita,O'Hannay,Quality Control Specialist,"€44355,02"
44,Roderick,Castellone,Staff Scientist,"€11293,15"
67,Carolus,Ewings,Human Resources Assistant I,"€5922,49"
47,Hewe,DelaField,Sales Representative,"€9797,23"
42,Riccardo,Blunn,Food Chemist,"€2075,80"
53,Crissie,Farquharson,Financial Analyst,"€48678,71"
66,Art,De Lascy,VP Marketing,"€42428,06"
34,Jenny,Laborde,Food Chemist,"€21068,53"
50,Savina,Delve,Senior Developer,"€20287,76"
22,Selena,Caunce,Automation Specialist II,"€22294,48"
67,Gavra,Fidelus,Senior Financial Analyst,"€40724,04"
61,Any,Folomkin,Cost Accountant,"€32521,56"
56,Sheridan,Hebblethwaite,Operator,"€37103,31"
37,Augustus,Wetherby,Registered Nurse,"€23091,80"
53,Drusie,Narey,Health Coach I,"€40046,29"
50,Bridget,Exposito,Administrative Officer,"€37091,85"
55,Anselm,Spreckley,Desktop Support Technician,"€30699,58"
50,Neal,Vedeneev,Engineer II,"€24486,85"
30,Benyamin,Sawart,Analyst Programmer,"€7752,54"
65,Aubrie,Vynarde,Senior Cost Accountant,"€43086,38"
33,Nettie,Massen,Desktop Support Technician,"€8537,01"
60,Darb,Piddletown,Electrical Engineer,"€18896,55"
39,Muriel,Dorling,General Manager,"€3474,30"
32,Humberto,De Giorgio,Human Resources Assistant II,"€18185,71"
63,Cornie,Coie,Research Nurse,"€38397,02"
63,Latrina,Beavors,Assistant Professor,"€42719,39"
46,Alma,Vasenkov,Internal Auditor,"€26044,87"
24,Daren,Penticost,Biostatistician IV,"€12212,89"
24,Jodi,Drinkel,Environmental Specialist,"€42636,06"
26,Sherm,Trathen,Research Associate,"€23337,97"
33,Joyce,Chatin,Clinical Specialist,"€41690,82"
51,Niel,Dickie,Product Engineer,"€34862,44"
49,Tasha,Yoskowitz,Structural Engineer,"€32861,64"
27,Filmer,Berndsen,Sales Associate,"€37914,49"
63,Darice,Wasmer,Operator,"€2399,85"
64,Egan,Thicking,Payment Adjustment Coordinator,"€54711,33"
58,Jefferson,Morrant,Legal Assistant,"€33961,45"
50,Vivianne,Swindle,Structural Engineer,"€2836,65"
42,Manon,Jobbins,Mechanical Systems Engineer,"€14064,44"
51,Samuel,Petrazzi,Research Associate,"€21196,40"
40,Wallis,Demann,Civil Engineer,"€42081,19"
42,Raven,Endricci,Quality Control Specialist,"€46928,79"
40,Shandeigh,Seagar,Health Coach III,"€30688,90"
41,Chastity,Caccavella,Database Administrator IV,"€25158,10"
34,Libbie,Clemendot,Analog Circuit Design manager,"€19261,93"
65,Lamont,Fairlaw,Safety Technician III,"€11080,40"
48,Benji,Pavelka,Help Desk Technician,"€22282,77"
51,Flss,Heild,Automation Specialist III,"€3517,48"
66,Zea,Seydlitz,Product Engineer,"€8560,34"
48,Saul,Normanvill,Financial Advisor,"€16137,14"
48,Irving,Mattack,Technical Writer,"€8102,20"
33,Eustacia,Gaunt,Account Executive,"€14171,15"
41,Siward,Waberer,Budget/Accounting Analyst IV,"€9056,67"
60,Maurits,Falconbridge,Graphic Designer,"€4297,59"
59,Zacharie,Kits,Financial Advisor,"€16054,49"
64,Dee dee,Killimister,Actuary,"€2360,03"
37,Erhard,Derwin,Professor,"€13521,78"
56,Guillema,Tommaseo,Accountant IV,"€31909,22"
22,Dwayne,Zanardii,Statistician I,"€7186,12"
43,Vivi,McInility,Account Representative I,"€30881,46"
31,Cathryn,Mordanti,Technical Writer,"€17974,76"
48,Reynolds,Beeho,VP Accounting,"€34899,69"
23,Trent,Francesch,Human Resources Manager,"€10524,89"
34,Sephira,Dreakin,Web Designer IV,"€22502,65"
62,Maurits,Treadway,Payment Adjustment Coordinator,"€18329,55"
42,Gunner,M'Quharge,Automation Specialist IV,"€19469,31"
34,Carolus,Henrys,Payment Adjustment Coordinator,"€4802,32"
41,Paulie,Owenson,Senior Editor,"€3571,65"
53,Heriberto,Mertsching,Marketing Manager,"€20808,59"
30,Maia,Batham,Research Assistant II,"€17820,11"
54,Devondra,Bassham,VP Marketing,"€17498,75"
63,Idell,Hambrook,Research Associate,"€33140,06"
24,Gill,Paley,Data Coordiator,"€33186,98"
55,Nanice,Carrigan,Engineer III,"€21952,05"
40,Pat,Hallyburton,Human Resources Manager,"€4360,31"
56,Georgeta,Ellett,Paralegal,"€33371,66"
59,Anne-marie,Croxford,Desktop Support Technician,"€35330,95"
40,Liza,Gildersleeve,Accountant III,"€48913,69"
37,Helsa,Pude,Human Resources Manager,"€45193,14"
50,Harley,Maggs,Assistant Professor,"€45645,01"
28,Quintina,Janiak,Teacher,"€51893,21"
40,Ilse,Kiley,Marketing Manager,"€32969,72"
47,Guthry,Maro,Graphic Designer,"€31822,11"
48,Holly-anne,Iacovone,Design Engineer,"€23182,48"
65,Fair,Nertney,Actuary,"€27808,63"
32,Del,Lowde,Internal Auditor,"€25113,12"
53,Ann-marie,Filipson,Safety Technician IV,"€9182,13"
43,Agnesse,Rumming,Administrative Assistant III,"€50469,39"
47,Tessy,Rubinow,Data Coordiator,"€34014,13"
32,Willie,Conachie,Biostatistician II,"€4020,13"
42,Teddy,Carpmile,Financial Advisor,"€51214,16"
59,Louise,Carlsson,Dental Hygienist,"€14482,68"
48,Pattie,Delcastel,Accounting Assistant I,"€42852,06"
36,Jere,Voden,Accounting Assistant III,"€5164,22"
60,Heywood,Chapple,Desktop Support Technician,"€3916,49"
37,Lisabeth,Matonin,Environmental Specialist,"€24732,38"
42,Jarred,Trebble,Budget/Accounting Analyst II,"€12340,38"
50,Farrel,Gotcher,Media Manager II,"€31841,94"
40,Jacenta,Petrowsky,Database Administrator II,"€37436,52"
50,Clara,Hardistry,Tax Accountant,"€43617,05"
40,Lesly,Fruchter,Teacher,"€41051,78"
60,Farah,Cowe,Software Engineer II,"€26776,63"
36,Melitta,Frapwell,Web Developer III,"€51981,95"
44,Clair,Ilott,Sales Associate,"€4446,94"
31,Janie,Pleasants,Technical Writer,"€38702,14"
63,Celeste,Slaney,Account Executive,"€47222,81"
52,Bunni,de Aguirre,Paralegal,"€45137,45"
34,Alex,Gillbanks,VP Product Management,"€44825,89"
36,Haslett,Southway,GIS Technical Architect,"€21592,38"
22,Hertha,Lancaster,Help Desk Operator,"€50925,73"
56,Emylee,Ladell,Environmental Tech,"€45497,57"
38,Eugene,MacTurlough,Health Coach IV,"€46701,71"
38,Benita,Guidetti,GIS Technical Architect,"€16235,93"
23,Athene,Jaquet,Safety Technician II,"€47093,68"
36,Hollyanne,Bartocci,Nurse Practicioner,"€22644,78"
35,Donnamarie,Olijve,Senior Sales Associate,"€54979,38"
25,Esme,Fearnley,Software Test Engineer II,"€31138,08"
55,Garvey,Pammenter,Sales Representative,"€16026,78"
54,Worthy,Meller,Legal Assistant,"€17441,99"
43,Christabella,Butterick,Analyst Programmer,"€34727,59"
28,Hermon,Poe,Senior Cost Accountant,"€34146,74"
49,Maximilian,Umfrey,Chief Design Engineer,"€41347,97"
48,Ogden,Emblow,Senior Quality Engineer,"€37674,84"
62,Erek,Strettell,Registered Nurse,"€47243,33"
61,Gloria,Scrange,Senior Sales Associate,"€7119,49"
31,Dennison,Lammertz,Director of Sales,"€7889,75"
35,Padraig,Seeler,Accountant II,"€50380,92"
29,Atalanta,Haversum,Senior Financial Analyst,"€42138,64"
42,Neal,Viscovi,Dental Hygienist,"€18134,80"
48,Gilbert,Lyes,Compensation Analyst,"€54712,44"
49,Darwin,Skokoe,Civil Engineer,"€35140,21"
64,Nertie,Stawell,Graphic Designer,"€31429,12"
49,Mathilda,Sturch,Information Systems Manager,"€11683,36"
66,Nelie,Abdy,Web Developer IV,"€15532,19"
62,Uta,Hubbert,Executive Secretary,"€11054,74"
23,Dede,Quail,Staff Accountant II,"€45624,48"
53,Ester,Poetz,Programmer Analyst I,"€52251,90"
28,Samuel,O' Clovan,Senior Sales Associate,"€34969,17"
56,Gustavo,Goldspink,GIS Technical Architect,"€35892,06"
34,Erinn,Wile,Information Systems Manager,"€48822,86"
45,Jada,MacVagh,Sales Associate,"€52143,49"
55,Marcie,Cissell,Accountant IV,"€9090,22"
61,Johnna,Karet,Financial Advisor,"€49940,59"
47,Pierce,Redsull,Registered Nurse,"€5389,75"
25,Tedie,Mallinson,Mechanical Systems Engineer,"€38457,08"
40,Brew,Scanterbury,Business Systems Development Analyst,"€44650,23"
34,Guillemette,Bryant,VP Accounting,"€43253,35"
50,Fair,Southwell,Professor,"€27846,71"
43,Lazare,Bagby,Sales Representative,"€3260,59"
44,Daloris,Large,Paralegal,"€33090,44"
26,Larina,Oleszczak,Chemical Engineer,"€6701,27"
63,Emylee,MacDermot,Programmer Analyst II,"€11508,82"
62,Milt,Skoggins,Biostatistician I,"€3182,80"
40,Josefa,Radoux,Physical Therapy Assistant,"€22907,51"
46,Marthena,Barritt,Account Coordinator,"€45490,56"
46,Rhea,Rastrick,Marketing Manager,"€2988,20"
41,Lorna,Culbard,Marketing Assistant,"€46386,87"
44,Andras,Dowthwaite,Senior Quality Engineer,"€22399,94"
22,Susette,Berthelet,Web Developer IV,"€30598,91"
55,Robinette,Angrave,Safety Technician IV,"€22850,51"
61,Say,Aylott,Developer II,"€20484,27"
58,Vivien,Budgey,Financial Advisor,"€8956,00"
63,Gertie,Dudenie,Physical Therapy Assistant,"€36249,89"
53,Amandie,Eccleshare,Social Worker,"€24874,46"
27,Vern,Tortis,VP Marketing,"€19558,90"
61,Wenona,Galpen,Account Representative II,"€23857,70"
48,Gordan,Shorthill,Operator,"€24949,46"
55,Violet,Shapero,Media Manager III,"€54675,61"
31,Cele,Daftor,Electrical Engineer,"€40015,83"
50,Austin,Retchless,Structural Analysis Engineer,"€35743,76"
27,Frankie,Hadgraft,Cost Accountant,"€11282,71"
24,Kassie,Jellico,Quality Control Specialist,"€41693,03"
57,Georgina,Pettko,Professor,"€32854,21"
40,Fina,Coronado,Staff Scientist,"€14322,78"
63,Nealson,Bullier,Desktop Support Technician,"€46125,39"
36,Marylin,Farnie,Recruiting Manager,"€11364,97"
58,Gerick,Grimmett,Project Manager,"€5416,15"
38,Henka,Edgehill,Teacher,"€45762,29"
67,Valdemar,Arp,Environmental Tech,"€25468,75"
27,Kordula,Akeherst,Physical Therapy Assistant,"€5994,08"
26,Sean,Nairns,Marketing Assistant,"€31805,85"
52,Jammie,Faill,Cost Accountant,"€34558,24"
31,Clerissa,McLachlan,Nurse,"€37173,93"
53,Arch,Librey,Professor,"€39773,27"
33,Theo,Farron,Tax Accountant,"€45929,70"
36,Yoshi,Hayesman,Media Manager I,"€50071,47"
29,Jodee,Baudone,Account Coordinator,"€36149,71"
33,Godard,Ranyell,Community Outreach Specialist,"€51594,15"
39,Keith,Bridgland,Budget/Accounting Analyst I,"€46220,31"
50,Cherise,Dobey,Sales Representative,"€41865,84"
61,Torrie,Ostick,Web Designer II,"€14850,55"
22,Amby,McRuvie,Accounting Assistant II,"€43101,10"
46,Teresa,Featley,Help Desk Technician,"€7638,38"
29,Adolphus,Symms,Programmer III,"€49287,09"
63,Muriel,Terrelly,Community Outreach Specialist,"€35178,67"
44,Gavra,Pagan,Data Coordiator,"€18531,78"
54,Darnall,Leate,Assistant Media Planner,"€4649,43"
42,Ericka,Leynagh,Physical Therapy Assistant,"€54211,78"
41,Nanci,Dabs,Systems Administrator II,"€2041,01"
30,Ramona,Wiburn,Sales Representative,"€34604,80"
51,Culley,Hagan,Legal Assistant,"€46239,89"
32,Lemmie,Domone,Sales Representative,"€13707,14"
34,Bronnie,Beet,General Manager,"€49949,64"
25,Napoleon,Clymo,Community Outreach Specialist,"€39764,18"
34,Odele,Rogge,Marketing Manager,"€24938,03"
25,Reta,Bradtke,Web Developer IV,"€8091,99"
61,Robbin,Devons,Structural Analysis Engineer,"€22608,11"
47,Alexandr,Leydon,VP Product Management,"€19134,31"
63,Syman,Krzysztof,Community Outreach Specialist,"€10765,46"
51,Arly,Alcoran,Human Resources Assistant IV,"€15093,25"
66,Madlen,Grigg,Office Assistant I,"€13644,25"
26,Baxter,Siveter,Sales Associate,"€15229,06"
52,Alfy,Ades,Director of Sales,"€17558,26"
55,Roxi,D'Errico,Senior Cost Accountant,"€34879,23"
64,Gayleen,Larter,Occupational Therapist,"€40793,07"
62,Torrence,Lowdes,Marketing Assistant,"€37436,04"
26,Haydon,Knewstubb,Actuary,"€8322,30"
48,Morey,Mityushkin,Financial Advisor,"€25629,80"
39,Lu,Profit,Web Developer IV,"€19042,80"
50,Penrod,Kohen,Accounting Assistant I,"€46298,42"
39,Paige,Ricarde,Product Engineer,"€22632,55"
52,Amy,Miguel,Research Nurse,"€19628,38"
52,Lilas,Threadkell,Help Desk Technician,"€26656,42"
31,Hasty,Ewestace,Junior Executive,"€33613,03"
63,Mufi,Crayton,Internal Auditor,"€39727,00"
24,Rubia,Bengle,Programmer Analyst III,"€38015,47"
34,Raffaello,Roseburgh,Sales Representative,"€35341,16"
25,Anabelle,Singleton,Analyst Programmer,"€49411,31"
48,Corrie,Roubert,Food Chemist,"€54959,86"
39,Donielle,Klassmann,Sales Associate,"€19275,05"
62,Smith,Montez,Systems Administrator III,"€28631,25"
26,Frederigo,Cottey,Analog Circuit Design manager,"€49922,63"
55,Flemming,Herreran,Physical Therapy Assistant,"€37230,42"
57,Dalenna,Frisdick,Compensation Analyst,"€38714,29"
49,Alberik,Turbern,Product Engineer,"€14925,00"
32,Federico,Flippelli,Project Manager,"€24651,21"
33,Ignaz,Jolliss,Staff Accountant I,"€28113,01"
58,Sayer,Thayre,Electrical Engineer,"€9752,87"
25,Silvia,Casaletto,Structural Analysis Engineer,"€10036,49"
64,Lalo,Loffel,Sales Associate,"€31194,33"
55,Niko,Frankish,Environmental Tech,"€7031,46"
23,Ian,Abells,Nuclear Power Engineer,"€10657,53"
47,Amandi,Metcalfe,Cost Accountant,"€21083,48"
55,Candy,Haresnape,Account Representative III,"€21738,95"
65,Doyle,Maffetti,Financial Advisor,"€31462,97"
33,Bea,Yantsurev,Actuary,"€17037,47"
40,Audy,Kees,Internal Auditor,"€24436,16"
67,Jewell,Haggart,Business Systems Development Analyst,"€51967,70"
63,Madelin,Petrou,Professor,"€32692,59"
56,Fredric,Canas,Clinical Specialist,"€25205,53"
39,Cordie,Gavigan,Product Engineer,"€19231,78"
25,Ede,Burney,Geologist III,"€30933,16"
33,Jarret,Pyford,Structural Analysis Engineer,"€24947,44"
45,Mackenzie,Bresnen,Engineer II,"€12759,97"
38,Bob,Ipsly,Structural Analysis Engineer,"€24252,76"
32,Meghann,Silly,Analyst Programmer,"€8921,67"
48,Marita,Evemy,Technical Writer,"€8600,97"
29,Clarie,Kinnock,Senior Cost Accountant,"€27556,30"
60,Pamela,Guilliland,Community Outreach Specialist,"€15829,32"
27,Jeff,Diggell,Quality Control Specialist,"€7067,08"
35,Aloysius,Castano,Quality Control Specialist,"€41960,62"
63,Hildegaard,Parncutt,Media Manager II,"€35427,00"
32,Suzy,Le Floch,Actuary,"€37956,57"
53,Constanta,Redferne,Administrative Assistant III,"€15328,87"
45,Devina,McCambridge,Software Consultant,"€48634,36"
36,Kalindi,Formigli,Operator,"€27412,22"
46,Saidee,Fronsek,Health Coach IV,"€5352,63"
63,Ker,Powner,Help Desk Technician,"€6097,78"
61,Ella,Durtnal,Editor,"€31534,28"
51,Ilise,Johananoff,Programmer I,"€6462,44"
47,Elfreda,Lombard,Sales Representative,"€30525,01"
44,Rori,Bestwick,Budget/Accounting Analyst II,"€2876,95"
44,Lexie,Heinsius,Accounting Assistant II,"€28811,65"
60,Darbee,Brooksbank,Programmer Analyst III,"€40788,44"
55,Korney,Williamson,Chief Design Engineer,"€31260,88"
46,Dedra,Kipling,Community Outreach Specialist,"€43876,88"
61,Cilka,Feek,Software Consultant,"€37366,07"
65,Manda,Cansdall,Office Assistant III,"€19756,78"
47,Shena,Siccombe,Director of Sales,"€43386,12"
33,Starlin,Lamblin,Human Resources Assistant I,"€28399,07"
52,Hyacinthe,Sigmund,Business Systems Development Analyst,"€9175,69"
29,Mattie,Wildman,Nurse,"€4659,81"
48,Locke,Criple,Staff Scientist,"€51359,56"
33,Danell,Tupp,Database Administrator I,"€51078,51"
53,Rosamund,Pauls,Sales Associate,"€25288,58"
63,Jere,Dyers,Research Associate,"€19085,73"
35,Finn,Thorneley,Paralegal,"€27398,26"
26,Eliot,Cissell,Budget/Accounting Analyst I,"€30030,03"
24,Codi,Baty,Sales Associate,"€13591,33"
56,Amargo,Lyfield,Structural Analysis Engineer,"€10895,61"
40,Caldwell,Derell,Teacher,"€54726,32"
50,Elie,Ive,Staff Scientist,"€5751,72"
39,Cissiee,Osbourne,Nurse Practicioner,"€15413,35"
39,Abbe,Southwell,Civil Engineer,"€6971,26"
36,Ilka,Pymm,Programmer III,"€13431,98"
53,Herrick,Christol,Account Executive,"€26829,91"
29,Atlanta,Armour,Electrical Engineer,"€21171,94"
26,Cullin,Troy,Sales Associate,"€11986,85"
47,Marlo,Hallatt,Business Systems Development Analyst,"€36424,04"
40,Enoch,Lehrer,Research Assistant III,"€20488,75"
38,Stanly,Jerman,Food Chemist,"€25852,38"
37,Michaella,Morican,Senior Editor,"€2850,40"
58,Stephen,Venners,Tax Accountant,"€24481,31"
58,Angelique,Watt,Editor,"€32505,16"
35,Gerard,Rosedale,Registered Nurse,"€49499,07"
62,Yolanda,Hamill,Quality Control Specialist,"€18933,46"
32,Gwyneth,Chafer,Paralegal,"€49758,24"
59,Drake,Scripture,Dental Hygienist,"€23055,98"
64,Trixy,Pryn,Civil Engineer,"€14524,75"
30,Oren,Petrakov,Budget/Accounting Analyst III,"€20070,55"
61,Antoinette,Stovell,Health Coach IV,"€52102,02"
45,Cyb,Haensel,Analog Circuit Design manager,"€20446,15"
44,Jehu,Semiras,Administrative Assistant IV,"€11398,00"
57,Tomkin,McPheat,Research Nurse,"€51520,72"
37,Worden,Soutar,Product Engineer,"€7773,82"
42,Willi,Skelhorn,Tax Accountant,"€5910,66"
66,Sibella,MacKnight,Compensation Analyst,"€45973,30"
35,Mandel,Dominy,Media Manager I,"€34622,98"
42,Issie,Lancetter,Speech Pathologist,"€18739,14"
67,Hayward,McCarly,Product Engineer,"€36176,15"
42,Michell,Nutting,Nuclear Power Engineer,"€41103,31"
54,Marys,Bonavia,Structural Engineer,"€28987,46"
42,Mirilla,Pulsford,Account Representative II,"€51716,19"
33,Bucky,Staniford,Professor,"€11347,10"
36,Pierson,Bouchard,Programmer Analyst I,"€54122,45"
49,Morris,Whilder,Data Coordiator,"€5023,93"
30,Christoforo,Dunbobbin,Teacher,"€45535,83"
64,Greggory,Kinnear,Marketing Assistant,"€37367,06"
65,Dermot,Griffitts,Analyst Programmer,"€23172,83"
58,Rodina,McPherson,Food Chemist,"€28745,98"
66,Benedick,Scrannage,Desktop Support Technician,"€16432,01"
30,Delores,Brunelli,Help Desk Technician,"€39846,65"
54,Ogdon,Daye,Senior Financial Analyst,"€11829,18"
41,Pinchas,Pinar,Speech Pathologist,"€22666,78"
56,Malissa,Piscopo,Financial Analyst,"€25412,47"
41,Hobie,Hadgkiss,Junior Executive,"€22311,45"
50,Roselle,Newby,General Manager,"€32440,98"
25,Farly,Withrington,Actuary,"€4187,17"
22,Elli,Randle,Librarian,"€32886,52"
30,Dita,Lacer,Structural Analysis Engineer,"€34526,68"
34,Jaclyn,Goude,Quality Control Specialist,"€33464,73"
39,Nisse,MacArthur,Office Assistant II,"€18752,81"
54,Poppy,Reboulet,Research Assistant II,"€36442,63"
24,Janetta,Cosens,Information Systems Manager,"€22520,40"
58,Cindee,McKinley,Computer Systems Analyst I,"€49465,10"
43,Dona,Baynard,Food Chemist,"€28801,87"
29,Fredric,Malthus,Office Assistant III,"€20269,33"
44,Benetta,Sich,Technical Writer,"€50751,80"
64,Leicester,Jelly,Quality Control Specialist,"€52616,97"
26,Aurelia,Pury,Social Worker,"€42560,66"
38,Robena,Basley,Product Engineer,"€16706,86"
49,Eldin,Tzarkov,Payment Adjustment Coordinator,"€3066,52"
43,Colas,Crasford,Staff Scientist,"€13224,01"
49,Loretta,Temperton,Graphic Designer,"€15832,94"
57,Corena,Organer,Budget/Accounting Analyst IV,"€52936,03"
28,Peter,Zima,Editor,"€7716,29"
27,Clary,Jaquest,Assistant Manager,"€11793,52"
62,Chiarra,Jodlkowski,Account Representative III,"€3621,35"
60,Desdemona,Draco,Account Coordinator,"€50700,80"
29,Sidonia,Mundie,Software Consultant,"€4905,59"
36,Gregoire,McMeekan,Systems Administrator IV,"€10055,70"
37,Ferrel,Brou,Community Outreach Specialist,"€32892,53"
64,Ninette,Snashall,Pharmacist,"€37100,36"
46,Madalyn,Kinnane,Safety Technician IV,"€34181,77"
58,Camila,Phair,Systems Administrator I,"€33337,76"
22,Arther,Allred,Compensation Analyst,"€48794,14"
29,Gillian,D'Antonio,Quality Engineer,"€2210,02"
60,Arri,Kilban,Business Systems Development Analyst,"€25393,31"
56,Roze,Bisgrove,Pharmacist,"€36416,65"
35,Felipe,Vanyashin,GIS Technical Architect,"€35348,86"
51,Irita,Stebles,Geological Engineer,"€21163,19"
57,Mariellen,Manktelow,Project Manager,"€16611,58"
35,Grover,Elflain,Quality Engineer,"€41911,23"
27,Paloma,Hugland,Financial Advisor,"€26724,74"
35,Stevy,Begin,Structural Engineer,"€27339,57"
39,Clive,Sabbins,Sales Representative,"€8220,18"
43,Sashenka,Abramino,Quality Control Specialist,"€53633,64"
32,Amanda,Jannings,Statistician I,"€12046,36"
22,Rebe,Krauze,Analyst Programmer,"€23439,33"
32,Fletch,Volet,Dental Hygienist,"€14316,43"
64,Selina,Fierro,Help Desk Technician,"€47277,99"
47,Albertine,Drew,Operator,"€53092,28"
61,Chrissy,Cristofano,Web Developer II,"€38462,83"
41,Timofei,Cicchinelli,Account Coordinator,"€6966,85"
46,Reg,Turmell,Accountant IV,"€18966,45"
26,Fey,Arnott,Assistant Manager,"€12438,09"
44,Fowler,Chalcroft,Data Coordiator,"€22303,70"
30,Aubert,Tallent,Speech Pathologist,"€45129,27"
40,Shurlocke,Cotta,Environmental Tech,"€37186,53"
37,Ardyth,Goodsir,Administrative Assistant IV,"€48746,63"
41,Vere,Sandbrook,VP Quality Control,"€9141,96"
62,Wain,Temperley,Financial Analyst,"€50254,52"
39,Addi,Cleeves,Mechanical Systems Engineer,"€44204,21"